multinet_size,add_controller_rate
15,679.8386529473
30,656.4560765052
60,639.1021402884
525,554.4929645707
1050,528.6581526186
4950,346.3692456312
15,1066.5801936428
